ID,Degree,Work,Salary
136,Masters,Industry,88
2206,PhD,Industry,105
1320,Masters,Industry,80
823,Masters,Industry,93
1466,Masters,Industry,96
303,Masters,Industry,98
113,Masters,Industry,94
793,Masters,Industry,86
1230,Masters,Industry,95
2716,PhD,Academia,99
1751,Masters,Industry,95
1568,Masters,Industry,87
2275,PhD,Industry,85
1661,Masters,Industry,82
1430,Masters,Industry,84
1146,Masters,Industry,97
317,Masters,Industry,84
1682,Masters,Industry,96
1863,Masters,Academia,99
1509,Masters,Industry,98
1715,Masters,Industry,100
637,Masters,Industry,90
1142,Masters,Industry,100
1877,Masters,Academia,91
233,Masters,Industry,90
2670,PhD,Academia,74
305,Masters,Industry,91
537,Masters,Industry,80
2294,PhD,Industry,81
1555,Masters,Industry,99
1996,Masters,Academia,71
1416,Masters,Industry,83
1188,Masters,Industry,84
1953,Masters,Academia,67
1514,Masters,Industry,86
327,Masters,Industry,95
2856,PhD,Academia,97
2121,PhD,Industry,107
1810,Masters,Academia,87
2724,PhD,Academia,94
1626,Masters,Industry,82
306,Masters,Industry,97
1059,Masters,Industry,89
2311,PhD,Industry,86
965,Masters,Industry,92
1559,Masters,Industry,81
935,Masters,Industry,95
606,Masters,Industry,92
371,Masters,Industry,84
452,Masters,Industry,88
2538,PhD,Academia,100
2545,PhD,Academia,98
483,Masters,Industry,86
2407,PhD,Academia,80
1006,Masters,Industry,89
1960,Masters,Academia,75
2530,PhD,Academia,78
553,Masters,Industry,90
356,Masters,Industry,84
502,Masters,Industry,84
2789,PhD,Academia,90
1636,Masters,Industry,93
1931,Masters,Academia,97
2808,PhD,Academia,89
277,Masters,Industry,97
2882,PhD,Academia,74
1436,Masters,Industry,99
915,Masters,Industry,81
35,Masters,Industry,88
607,Masters,Industry,94
2594,PhD,Academia,73
974,Masters,Industry,82
208,Masters,Industry,91
55,Masters,Industry,81
1085,Masters,Industry,91
1093,Masters,Industry,87
403,Masters,Industry,88
152,Masters,Industry,82
1943,Masters,Academia,91
2681,PhD,Academia,88
2864,PhD,Academia,85
1242,Masters,Industry,95
1814,Masters,Academia,92
1644,Masters,Industry,81
1162,Masters,Industry,94
2746,PhD,Academia,73
1111,Masters,Industry,95
1668,Masters,Industry,80
1525,Masters,Industry,88
148,Masters,Industry,98
96,Masters,Industry,91
1880,Masters,Academia,97
1884,Masters,Academia,93
1464,Masters,Industry,83
493,Masters,Industry,88
1573,Masters,Industry,81
2461,PhD,Academia,81
2060,Masters,Academia,76
1237,Masters,Industry,84
9,Masters,Industry,92
2207,PhD,Industry,108
649,Masters,Industry,84
584,Masters,Industry,93
1756,Masters,Industry,81
2355,PhD,Industry,72
107,Masters,Industry,84
2017,Masters,Academia,71
89,Masters,Industry,93
1374,Masters,Industry,99
186,Masters,Industry,88
2732,PhD,Academia,80
1632,Masters,Industry,81
1780,Masters,Industry,93
2252,PhD,Industry,74
1730,Masters,Industry,96
2728,PhD,Academia,81
2141,PhD,Industry,104
1659,Masters,Industry,87
2964,PhD,Academia,73
2602,PhD,Academia,87
2589,PhD,Academia,72
971,Masters,Industry,83
728,Masters,Industry,87
2838,PhD,Academia,81
2395,PhD,Industry,74
641,Masters,Industry,89
1118,Masters,Industry,100
2583,PhD,Academia,100
474,Masters,Industry,99
925,Masters,Industry,92
1571,Masters,Industry,88
2242,PhD,Industry,106
2063,Masters,Academia,78
1851,Masters,Academia,87
2943,PhD,Academia,97
1586,Masters,Industry,86
447,Masters,Industry,99
2497,PhD,Academia,88
860,Masters,Industry,97
456,Masters,Industry,93
976,Masters,Industry,90
435,Masters,Industry,95
1278,Masters,Industry,86
2904,PhD,Academia,85
632,Masters,Industry,98
2821,PhD,Academia,89
1032,Masters,Industry,94
1002,Masters,Industry,81
1214,Masters,Industry,96
2888,PhD,Academia,83
721,Masters,Industry,96
2078,Masters,Academia,76
340,Masters,Industry,89
2304,PhD,Industry,87
2638,PhD,Academia,93
2326,PhD,Industry,90
2734,PhD,Academia,96
1218,Masters,Industry,85
229,Masters,Industry,97
1561,Masters,Industry,85
1731,Masters,Industry,99
825,Masters,Industry,95
1904,Masters,Academia,93
1529,Masters,Industry,82
985,Masters,Industry,89
830,Masters,Industry,82
2692,PhD,Academia,98
2482,PhD,Academia,95
171,Masters,Industry,90
2100,Masters,Academia,72
2780,PhD,Academia,71
2799,PhD,Academia,83
1566,Masters,Industry,94
1652,Masters,Industry,85
1978,Masters,Academia,76
2969,PhD,Academia,86
2286,PhD,Industry,99
1132,Masters,Industry,100
278,Masters,Industry,99
2835,PhD,Academia,94
320,Masters,Industry,83
741,Masters,Industry,94
799,Masters,Industry,95
2703,PhD,Academia,90
1316,Masters,Industry,90
2705,PhD,Academia,88
1303,Masters,Industry,88
2234,PhD,Industry,108
2698,PhD,Academia,91
2138,PhD,Industry,96
130,Masters,Industry,92
138,Masters,Industry,95
1479,Masters,Industry,99
1112,Masters,Industry,83
796,Masters,Industry,100
1481,Masters,Industry,83
2449,PhD,Academia,71
2776,PhD,Academia,79
2122,PhD,Industry,98
824,Masters,Industry,97
1766,Masters,Industry,96
2740,PhD,Academia,81
1560,Masters,Industry,86
357,Masters,Industry,92
2971,PhD,Academia,84
1848,Masters,Academia,91
1864,Masters,Academia,82
469,Masters,Industry,80
1392,Masters,Industry,98
1371,Masters,Industry,87
2400,PhD,Industry,96
263,Masters,Industry,91
2866,PhD,Academia,96
1015,Masters,Industry,100
743,Masters,Industry,91
1588,Masters,Industry,91
624,Masters,Industry,89
1150,Masters,Industry,93
489,Masters,Industry,80
1508,Masters,Industry,97
2757,PhD,Academia,78
2213,PhD,Industry,97
754,Masters,Industry,80
2147,PhD,Industry,94
134,Masters,Industry,83
2601,PhD,Academia,72
615,Masters,Industry,92
2653,PhD,Academia,75
1906,Masters,Academia,98
2308,PhD,Industry,80
876,Masters,Industry,83
198,Masters,Industry,94
159,Masters,Industry,83
1048,Masters,Industry,90
1799,Masters,Industry,81
146,Masters,Industry,100
1963,Masters,Academia,72
2783,PhD,Academia,71
851,Masters,Industry,98
2478,PhD,Academia,73
2495,PhD,Academia,75
1534,Masters,Industry,90
2344,PhD,Industry,96
2280,PhD,Industry,100
335,Masters,Industry,86
359,Masters,Industry,93
2006,Masters,Academia,61
2637,PhD,Academia,95
907,Masters,Industry,94
1915,Masters,Academia,83
1504,Masters,Industry,81
1917,Masters,Academia,92
2142,PhD,Industry,103
678,Masters,Industry,84
2822,PhD,Academia,77
2566,PhD,Academia,82
1959,Masters,Academia,62
279,Masters,Industry,90
384,Masters,Industry,95
1647,Masters,Industry,92
1060,Masters,Industry,90
1849,Masters,Academia,99
1910,Masters,Academia,98
321,Masters,Industry,90
1469,Masters,Industry,97
504,Masters,Industry,89
900,Masters,Industry,81
782,Masters,Industry,97
1213,Masters,Industry,86
419,Masters,Industry,94
1471,Masters,Industry,81
270,Masters,Industry,82
993,Masters,Industry,94
280,Masters,Industry,84
1816,Masters,Academia,85
2402,PhD,Academia,97
1952,Masters,Academia,76
1658,Masters,Industry,99
711,Masters,Industry,87
1648,Masters,Industry,92
2332,PhD,Industry,96
475,Masters,Industry,81
1341,Masters,Industry,93
670,Masters,Industry,85
2413,PhD,Academia,85
2562,PhD,Academia,79
2576,PhD,Academia,80
2574,PhD,Academia,79
70,Masters,Industry,89
600,Masters,Industry,90
1398,Masters,Industry,93
2432,PhD,Academia,88
358,Masters,Industry,92
1876,Masters,Academia,85
1638,Masters,Industry,86
2965,PhD,Academia,78
1694,Masters,Industry,96
2408,PhD,Academia,84
585,Masters,Industry,92
1302,Masters,Industry,99
2542,PhD,Academia,76
1591,Masters,Industry,86
1052,Masters,Industry,93
2881,PhD,Academia,77
471,Masters,Industry,100
2368,PhD,Industry,83
511,Masters,Industry,99
223,Masters,Industry,100
2270,PhD,Industry,80
636,Masters,Industry,81
1108,Masters,Industry,88
747,Masters,Industry,84
2926,PhD,Academia,81
2269,PhD,Industry,82
1970,Masters,Academia,74
2929,PhD,Academia,75
1011,Masters,Industry,91
2770,PhD,Academia,92
1496,Masters,Industry,94
2610,PhD,Academia,98
1601,Masters,Industry,84
2867,PhD,Academia,99
1734,Masters,Industry,86
838,Masters,Industry,94
2124,PhD,Industry,106
2631,PhD,Academia,94
2983,PhD,Academia,92
2860,PhD,Academia,87
709,Masters,Industry,92
368,Masters,Industry,85
878,Masters,Industry,84
1705,Masters,Industry,86
740,Masters,Industry,85
1367,Masters,Industry,100
2978,PhD,Academia,83
2609,PhD,Academia,98
415,Masters,Industry,94
1539,Masters,Industry,90
299,Masters,Industry,94
2931,PhD,Academia,71
1249,Masters,Industry,97
202,Masters,Industry,82
2913,PhD,Academia,88
945,Masters,Industry,93
1331,Masters,Industry,98
936,Masters,Industry,99
257,Masters,Industry,84
1377,Masters,Industry,97
2859,PhD,Academia,81
2624,PhD,Academia,88
2940,PhD,Academia,74
2290,PhD,Industry,98
2809,PhD,Academia,77
1861,Masters,Academia,91
929,Masters,Industry,94
2177,PhD,Industry,95
1022,Masters,Industry,98
640,Masters,Industry,84
385,Masters,Industry,95
708,Masters,Industry,90
1808,Masters,Academia,84
2996,PhD,Academia,83
2644,PhD,Academia,88
2396,PhD,Industry,77
1427,Masters,Industry,89
1212,Masters,Industry,90
839,Masters,Industry,92
190,Masters,Industry,85
1815,Masters,Academia,94
1086,Masters,Industry,90
405,Masters,Industry,84
2502,PhD,Academia,76
2941,PhD,Academia,72
1257,Masters,Industry,88
291,Masters,Industry,95
2515,PhD,Academia,97
265,Masters,Industry,93
432,Masters,Industry,81
2120,PhD,Industry,100
1937,Masters,Academia,89
2316,PhD,Industry,79
1189,Masters,Industry,81
1448,Masters,Industry,90
2582,PhD,Academia,75
425,Masters,Industry,99
797,Masters,Industry,97
1361,Masters,Industry,93
2188,PhD,Industry,108
868,Masters,Industry,83
2371,PhD,Industry,83
2168,PhD,Industry,98
1781,Masters,Industry,86
2077,Masters,Academia,66
2229,PhD,Industry,99
1220,Masters,Industry,82
923,Masters,Industry,98
2927,PhD,Academia,79
1081,Masters,Industry,92
1225,Masters,Industry,92
953,Masters,Industry,85
2298,PhD,Industry,89
2216,PhD,Industry,90
1155,Masters,Industry,82
547,Masters,Industry,85
1873,Masters,Academia,94
1221,Masters,Industry,97
73,Masters,Industry,92
2721,PhD,Academia,98
1637,Masters,Industry,83
1607,Masters,Industry,86
2847,PhD,Academia,99
1538,Masters,Industry,93
445,Masters,Industry,96
1760,Masters,Industry,89
2756,PhD,Academia,84
1677,Masters,Industry,85
2710,PhD,Academia,92
2283,PhD,Industry,92
904,Masters,Industry,90
2065,Masters,Academia,77
173,Masters,Industry,85
104,Masters,Industry,99
218,Masters,Industry,93
1522,Masters,Industry,97
1736,Masters,Industry,98
742,Masters,Industry,89
1356,Masters,Industry,98
1855,Masters,Academia,84
2107,PhD,Industry,109
710,Masters,Industry,99
2034,Masters,Academia,76
87,Masters,Industry,98
2810,PhD,Academia,78
707,Masters,Industry,95
2661,PhD,Academia,90
1187,Masters,Industry,93
787,Masters,Industry,96
2554,PhD,Academia,93
1774,Masters,Industry,84
2195,PhD,Industry,101
1511,Masters,Industry,91
2679,PhD,Academia,81
1635,Masters,Industry,96
2812,PhD,Academia,77
2737,PhD,Academia,91
1878,Masters,Academia,89
1759,Masters,Industry,83
654,Masters,Industry,95
1308,Masters,Industry,81
2570,PhD,Academia,78
1263,Masters,Industry,97
1115,Masters,Industry,89
665,Masters,Industry,98
2968,PhD,Academia,87
188,Masters,Industry,84
2675,PhD,Academia,80
1133,Masters,Industry,95
2261,PhD,Industry,93
249,Masters,Industry,91
1666,Masters,Industry,100
2470,PhD,Academia,90
2512,PhD,Academia,86
1611,Masters,Industry,97
1003,Masters,Industry,89
942,Masters,Industry,96
1599,Masters,Industry,97
417,Masters,Industry,94
2197,PhD,Industry,92
1669,Masters,Industry,86
643,Masters,Industry,85
1205,Masters,Industry,99
1837,Masters,Academia,83
258,Masters,Industry,95
2285,PhD,Industry,98
343,Masters,Industry,83
2615,PhD,Academia,76
2742,PhD,Academia,94
1923,Masters,Academia,85
1494,Masters,Industry,95
1087,Masters,Industry,83
2649,PhD,Academia,76
226,Masters,Industry,97
1100,Masters,Industry,100
1182,Masters,Industry,85
1660,Masters,Industry,84
1222,Masters,Industry,97
2031,Masters,Academia,80
467,Masters,Industry,97
1869,Masters,Academia,92
2007,Masters,Academia,77
1250,Masters,Industry,97
1740,Masters,Industry,99
302,Masters,Industry,85
2345,PhD,Industry,99
1813,Masters,Academia,85
524,Masters,Industry,96
24,Masters,Industry,91
2991,PhD,Academia,91
2342,PhD,Industry,75
2125,PhD,Industry,105
685,Masters,Industry,88
1663,Masters,Industry,97
193,Masters,Industry,80
2488,PhD,Academia,92
12,Masters,Industry,95
451,Masters,Industry,90
1783,Masters,Industry,100
2903,PhD,Academia,91
2975,PhD,Academia,71
436,Masters,Industry,86
1580,Masters,Industry,92
762,Masters,Industry,83
1883,Masters,Academia,91
167,Masters,Industry,84
2,Masters,Industry,96
2204,PhD,Industry,105
1997,Masters,Academia,71
1768,Masters,Industry,93
2727,PhD,Academia,99
2652,PhD,Academia,91
376,Masters,Industry,89
2814,PhD,Academia,85
1763,Masters,Industry,82
2268,PhD,Industry,99
582,Masters,Industry,90
933,Masters,Industry,86
983,Masters,Industry,91
679,Masters,Industry,93
1646,Masters,Industry,97
913,Masters,Industry,96
1080,Masters,Industry,98
450,Masters,Industry,80
1013,Masters,Industry,80
1400,Masters,Industry,93
602,Masters,Industry,87
2699,PhD,Academia,72
2657,PhD,Academia,87
1204,Masters,Industry,88
1867,Masters,Academia,86
34,Masters,Industry,89
2567,PhD,Academia,94
531,Masters,Industry,99
2067,Masters,Academia,65
1718,Masters,Industry,84
650,Masters,Industry,91
2782,PhD,Academia,95
2527,PhD,Academia,82
2997,PhD,Academia,99
341,Masters,Industry,99
1370,Masters,Industry,100
616,Masters,Industry,88
857,Masters,Industry,90
2786,PhD,Academia,82
1692,Masters,Industry,95
2766,PhD,Academia,97
2830,PhD,Academia,100
1893,Masters,Academia,81
1007,Masters,Industry,91
1829,Masters,Academia,85
1999,Masters,Academia,61
1501,Masters,Industry,91
1309,Masters,Industry,98
466,Masters,Industry,99
891,Masters,Industry,98
669,Masters,Industry,89
272,Masters,Industry,86
837,Masters,Industry,91
1246,Masters,Industry,83
1500,Masters,Industry,92
2934,PhD,Academia,92
1259,Masters,Industry,93
2816,PhD,Academia,93
1157,Masters,Industry,83
2696,PhD,Academia,79
2434,PhD,Academia,85
75,Masters,Industry,84
1899,Masters,Academia,90
1276,Masters,Industry,95
2526,PhD,Academia,79
2267,PhD,Industry,84
2292,PhD,Industry,76
749,Masters,Industry,85
2281,PhD,Industry,76
401,Masters,Industry,88
2711,PhD,Academia,87
1410,Masters,Industry,80
811,Masters,Industry,82
1992,Masters,Academia,66
2035,Masters,Academia,66
2257,PhD,Industry,98
629,Masters,Industry,86
1477,Masters,Industry,81
2932,PhD,Academia,93
2697,PhD,Academia,90
156,Masters,Industry,82
2923,PhD,Academia,73
318,Masters,Industry,83
2064,Masters,Academia,76
1807,Masters,Academia,88
770,Masters,Industry,85
2170,PhD,Industry,103
2967,PhD,Academia,79
1383,Masters,Industry,94
2871,PhD,Academia,84
1056,Masters,Industry,83
1678,Masters,Industry,80
2886,PhD,Academia,92
2628,PhD,Academia,76
2677,PhD,Academia,71
760,Masters,Industry,98
2489,PhD,Academia,93
2614,PhD,Academia,76
1856,Masters,Academia,83
897,Masters,Industry,82
949,Masters,Industry,94
2071,Masters,Academia,73
1935,Masters,Academia,100
819,Masters,Industry,80
1732,Masters,Industry,93
1077,Masters,Industry,86
2068,Masters,Academia,78
1896,Masters,Academia,98
1275,Masters,Industry,83
975,Masters,Industry,99
472,Masters,Industry,88
832,Masters,Industry,96
2837,PhD,Academia,100
1231,Masters,Industry,97
519,Masters,Industry,84
804,Masters,Industry,89
529,Masters,Industry,88
1442,Masters,Industry,100
2295,PhD,Industry,85
2384,PhD,Industry,96
806,Masters,Industry,99
1804,Masters,Academia,96
2445,PhD,Academia,80
1505,Masters,Industry,94
534,Masters,Industry,92
801,Masters,Industry,86
490,Masters,Industry,81
614,Masters,Industry,91
1131,Masters,Industry,90
2022,Masters,Academia,70
28,Masters,Industry,84
1476,Masters,Industry,83
426,Masters,Industry,94
161,Masters,Industry,85
518,Masters,Industry,81
772,Masters,Industry,84
2479,PhD,Academia,84
2048,Masters,Academia,70
1831,Masters,Academia,87
2179,PhD,Industry,108
1947,Masters,Academia,93
412,Masters,Industry,98
2706,PhD,Academia,99
1099,Masters,Industry,82
2249,PhD,Industry,109
2748,PhD,Academia,93
706,Masters,Industry,95
1192,Masters,Industry,86
2372,PhD,Industry,70
197,Masters,Industry,89
503,Masters,Industry,96
766,Masters,Industry,98
1802,Masters,Academia,97
498,Masters,Industry,88
189,Masters,Industry,99
1846,Masters,Academia,86
1078,Masters,Industry,92
842,Masters,Industry,98
1277,Masters,Industry,85
2116,PhD,Industry,99
2457,PhD,Academia,73
2331,PhD,Industry,70
1251,Masters,Industry,89
1061,Masters,Industry,100
1510,Masters,Industry,80
1456,Masters,Industry,93
2284,PhD,Industry,86
2021,Masters,Academia,67
2468,PhD,Academia,78
1988,Masters,Academia,62
2834,PhD,Academia,70
1577,Masters,Industry,93
977,Masters,Industry,93
1202,Masters,Industry,94
2803,PhD,Academia,93
2754,PhD,Academia,72
275,Masters,Industry,88
668,Masters,Industry,97
437,Masters,Industry,98
818,Masters,Industry,87
1357,Masters,Industry,83
1417,Masters,Industry,98
506,Masters,Industry,96
242,Masters,Industry,93
703,Masters,Industry,81
2557,PhD,Academia,88
337,Masters,Industry,96
1749,Masters,Industry,95
959,Masters,Industry,96
2276,PhD,Industry,71
1295,Masters,Industry,99
393,Masters,Industry,81
917,Masters,Industry,85
2674,PhD,Academia,94
759,Masters,Industry,93
2394,PhD,Industry,91
1475,Masters,Industry,81
2066,Masters,Academia,61
2219,PhD,Industry,103
588,Masters,Industry,96
1708,Masters,Industry,93
1098,Masters,Industry,87
316,Masters,Industry,82
1726,Masters,Industry,80
363,Masters,Industry,96
284,Masters,Industry,93
1334,Masters,Industry,81
2848,PhD,Academia,77
2352,PhD,Industry,98
779,Masters,Industry,88
2378,PhD,Industry,97
2103,PhD,Industry,92
2202,PhD,Industry,100
2334,PhD,Industry,73
2442,PhD,Academia,95
1613,Masters,Industry,84
956,Masters,Industry,86
1319,Masters,Industry,99
2058,Masters,Academia,72
1113,Masters,Industry,98
1905,Masters,Academia,86
1745,Masters,Industry,83
2713,PhD,Academia,94
2622,PhD,Academia,78
334,Masters,Industry,83
1990,Masters,Academia,75
2105,PhD,Industry,93
2150,PhD,Industry,101
2549,PhD,Academia,88
862,Masters,Industry,92
2544,PhD,Academia,80
1485,Masters,Industry,98
924,Masters,Industry,93
1248,Masters,Industry,81
827,Masters,Industry,84
2521,PhD,Academia,91
345,Masters,Industry,92
383,Masters,Industry,96
2299,PhD,Industry,72
36,Masters,Industry,87
2277,PhD,Industry,77
2749,PhD,Academia,100
1296,Masters,Industry,85
1043,Masters,Industry,96
22,Masters,Industry,80
1716,Masters,Industry,91
2258,PhD,Industry,95
2456,PhD,Academia,96
540,Masters,Industry,98
220,Masters,Industry,90
2185,PhD,Industry,110
2052,Masters,Academia,63
2464,PhD,Academia,74
1365,Masters,Industry,98
2337,PhD,Industry,98
1462,Masters,Industry,81
256,Masters,Industry,100
2535,PhD,Academia,91
1765,Masters,Industry,88
795,Masters,Industry,93
1322,Masters,Industry,85
803,Masters,Industry,80
1830,Masters,Academia,82
2618,PhD,Academia,97
1254,Masters,Industry,97
1164,Masters,Industry,88
1983,Masters,Academia,65
252,Masters,Industry,98
1746,Masters,Industry,99
1838,Masters,Academia,90
332,Masters,Industry,85
2741,PhD,Academia,83
738,Masters,Industry,83
1604,Masters,Industry,91
2898,PhD,Academia,71
269,Masters,Industry,90
509,Masters,Industry,95
181,Masters,Industry,87
310,Masters,Industry,95
160,Masters,Industry,87
2015,Masters,Academia,66
191,Masters,Industry,92
2448,PhD,Academia,97
1120,Masters,Industry,93
1704,Masters,Industry,99
2788,PhD,Academia,91
1184,Masters,Industry,99
406,Masters,Industry,80
556,Masters,Industry,95
2684,PhD,Academia,70
764,Masters,Industry,83
1399,Masters,Industry,95
49,Masters,Industry,97
580,Masters,Industry,95
510,Masters,Industry,82
2523,PhD,Academia,75
2375,PhD,Industry,86
209,Masters,Industry,86
883,Masters,Industry,95
2312,PhD,Industry,91
1698,Masters,Industry,97
1549,Masters,Industry,83
460,Masters,Industry,80
546,Masters,Industry,83
2919,PhD,Academia,86
2081,Masters,Academia,75
1777,Masters,Industry,95
1537,Masters,Industry,92
1862,Masters,Academia,89
2296,PhD,Industry,95
2537,PhD,Academia,87
149,Masters,Industry,85
110,Masters,Industry,84
1039,Masters,Industry,87
2217,PhD,Industry,102
1,Masters,Industry,82
1067,Masters,Industry,80
1981,Masters,Academia,74
2806,PhD,Academia,94
1593,Masters,Industry,92
2451,PhD,Academia,92
586,Masters,Industry,91
366,Masters,Industry,85
1533,Masters,Industry,99
1582,Masters,Industry,84
2956,PhD,Academia,88
1082,Masters,Industry,97
2417,PhD,Academia,76
2421,PhD,Academia,89
1488,Masters,Industry,81
2205,PhD,Industry,108
1673,Masters,Industry,83
2042,Masters,Academia,62
2182,PhD,Industry,92
2293,PhD,Industry,88
2499,PhD,Academia,72
143,Masters,Industry,89
659,Masters,Industry,89
1169,Masters,Industry,82
1898,Masters,Academia,90
449,Masters,Industry,90
2193,PhD,Industry,103
2894,PhD,Academia,90
1890,Masters,Academia,99
2306,PhD,Industry,90
2522,PhD,Academia,73
2414,PhD,Academia,73
516,Masters,Industry,86
111,Masters,Industry,82
1688,Masters,Industry,95
1987,Masters,Academia,65
730,Masters,Industry,86
2761,PhD,Academia,73
712,Masters,Industry,91
243,Masters,Industry,86
1079,Masters,Industry,100
514,Masters,Industry,84
2187,PhD,Industry,98
785,Masters,Industry,84
2447,PhD,Academia,94
1489,Masters,Industry,85
1962,Masters,Academia,70
1634,Masters,Industry,95
2381,PhD,Industry,75
704,Masters,Industry,86
1423,Masters,Industry,96
2247,PhD,Industry,93
2845,PhD,Academia,88
1507,Masters,Industry,82
64,Masters,Industry,92
626,Masters,Industry,88
1578,Masters,Industry,93
1482,Masters,Industry,82
1171,Masters,Industry,83
850,Masters,Industry,99
561,Masters,Industry,94
805,Masters,Industry,81
1163,Masters,Industry,90
1256,Masters,Industry,88
2636,PhD,Academia,100
1083,Masters,Industry,96
594,Masters,Industry,89
2874,PhD,Academia,85
1687,Masters,Industry,88
2398,PhD,Industry,81
958,Masters,Industry,91
1018,Masters,Industry,95
1380,Masters,Industry,91
2471,PhD,Academia,71
444,Masters,Industry,92
2154,PhD,Industry,106
2166,PhD,Industry,94
996,Masters,Industry,84
1710,Masters,Industry,82
658,Masters,Industry,90
2348,PhD,Industry,92
1551,Masters,Industry,92
1513,Masters,Industry,97
203,Masters,Industry,87
648,Masters,Industry,96
2212,PhD,Industry,92
2999,PhD,Academia,73
545,Masters,Industry,80
2420,PhD,Academia,81
921,Masters,Industry,82
2245,PhD,Industry,103
1235,Masters,Industry,100
2492,PhD,Academia,90
2909,PhD,Academia,88
1310,Masters,Industry,91
2075,Masters,Academia,65
2481,PhD,Academia,92
1232,Masters,Industry,99
1147,Masters,Industry,95
1503,Masters,Industry,84
1825,Masters,Academia,85
2878,PhD,Academia,82
2895,PhD,Academia,76
734,Masters,Industry,87
2313,PhD,Industry,99
1570,Masters,Industry,85
2370,PhD,Industry,96
2546,PhD,Academia,72
657,Masters,Industry,85
963,Masters,Industry,96
1556,Masters,Industry,81
21,Masters,Industry,86
630,Masters,Industry,100
1902,Masters,Academia,98
2514,PhD,Academia,77
1102,Masters,Industry,94
2900,PhD,Academia,79
1345,Masters,Industry,88
775,Masters,Industry,87
2868,PhD,Academia,83
1457,Masters,Industry,85
2157,PhD,Industry,93
2062,Masters,Academia,71
15,Masters,Industry,86
525,Masters,Industry,92
748,Masters,Industry,83
2928,PhD,Academia,81
2366,PhD,Industry,94
1584,Masters,Industry,85
1390,Masters,Industry,87
858,Masters,Industry,91
1840,Masters,Academia,85
1550,Masters,Industry,88
2720,PhD,Academia,89
2433,PhD,Academia,94
634,Masters,Industry,99
2683,PhD,Academia,88
903,Masters,Industry,81
157,Masters,Industry,81
2037,Masters,Academia,74
2425,PhD,Academia,92
2235,PhD,Industry,104
2438,PhD,Academia,82
1055,Masters,Industry,92
2707,PhD,Academia,90
2981,PhD,Academia,92
1127,Masters,Industry,97
1796,Masters,Industry,84
41,Masters,Industry,94
1776,Masters,Industry,89
1196,Masters,Industry,96
47,Masters,Industry,85
2412,PhD,Academia,88
2444,PhD,Academia,91
1394,Masters,Industry,94
598,Masters,Industry,99
906,Masters,Industry,88
656,Masters,Industry,86
2029,Masters,Academia,65
1174,Masters,Industry,81
1625,Masters,Industry,100
1199,Masters,Industry,95
246,Masters,Industry,93
2689,PhD,Academia,87
940,Masters,Industry,97
578,Masters,Industry,83
875,Masters,Industry,98
608,Masters,Industry,86
1922,Masters,Academia,93
1387,Masters,Industry,94
724,Masters,Industry,87
438,Masters,Industry,99
1769,Masters,Industry,96
535,Masters,Industry,85
273,Masters,Industry,86
1393,Masters,Industry,82
2184,PhD,Industry,99
533,Masters,Industry,83
1170,Masters,Industry,94
573,Masters,Industry,88
2036,Masters,Academia,77
126,Masters,Industry,82
1629,Masters,Industry,88
731,Masters,Industry,93
2232,PhD,Industry,103
84,Masters,Industry,99
655,Masters,Industry,83
349,Masters,Industry,99
2484,PhD,Academia,72
2989,PhD,Academia,75
1755,Masters,Industry,86
886,Masters,Industry,87
2346,PhD,Industry,89
2347,PhD,Industry,84
295,Masters,Industry,94
1228,Masters,Industry,90
1628,Masters,Industry,87
2341,PhD,Industry,78
1524,Masters,Industry,81
1969,Masters,Academia,76
2446,PhD,Academia,90
2112,PhD,Industry,108
2382,PhD,Industry,83
378,Masters,Industry,83
2404,PhD,Academia,82
790,Masters,Industry,99
1630,Masters,Industry,91
1972,Masters,Academia,73
468,Masters,Industry,97
2211,PhD,Industry,101
1101,Masters,Industry,82
196,Masters,Industry,89
2110,PhD,Industry,96
2288,PhD,Industry,94
2966,PhD,Academia,90
2221,PhD,Industry,104
2453,PhD,Academia,87
1216,Masters,Industry,83
1348,Masters,Industry,100
205,Masters,Industry,82
920,Masters,Industry,91
627,Masters,Industry,84
792,Masters,Industry,90
2244,PhD,Industry,95
2505,PhD,Academia,83
950,Masters,Industry,95
1411,Masters,Industry,90
752,Masters,Industry,98
1326,Masters,Industry,99
1243,Masters,Industry,88
2745,PhD,Academia,92
423,Masters,Industry,83
1016,Masters,Industry,95
1106,Masters,Industry,83
2865,PhD,Academia,89
2922,PhD,Academia,70
1109,Masters,Industry,99
176,Masters,Industry,86
2858,PhD,Academia,95
2633,PhD,Academia,86
1340,Masters,Industry,95
2111,PhD,Industry,108
462,Masters,Industry,98
255,Masters,Industry,100
497,Masters,Industry,93
1211,Masters,Industry,94
325,Masters,Industry,80
240,Masters,Industry,98
2651,PhD,Academia,100
1236,Masters,Industry,80
2009,Masters,Academia,71
446,Masters,Industry,92
671,Masters,Industry,98
1545,Masters,Industry,85
397,Masters,Industry,90
388,Masters,Industry,94
2584,PhD,Academia,83
251,Masters,Industry,96
1432,Masters,Industry,84
1817,Masters,Academia,91
2227,PhD,Industry,94
330,Masters,Industry,96
2778,PhD,Academia,81
1001,Masters,Industry,90
2072,Masters,Academia,73
1744,Masters,Industry,87
1536,Masters,Industry,80
1696,Masters,Industry,94
2208,PhD,Industry,91
1036,Masters,Industry,91
882,Masters,Industry,95
1264,Masters,Industry,90
429,Masters,Industry,83
702,Masters,Industry,87
2955,PhD,Academia,93
1752,Masters,Industry,90
2579,PhD,Academia,76
1285,Masters,Industry,88
1929,Masters,Academia,96
2946,PhD,Academia,98
461,Masters,Industry,84
645,Masters,Industry,84
2477,PhD,Academia,83
1266,Masters,Industry,92
1000,Masters,Industry,87
2176,PhD,Industry,109
433,Masters,Industry,100
2028,Masters,Academia,61
1540,Masters,Industry,92
2709,PhD,Academia,78
2487,PhD,Academia,100
2797,PhD,Academia,85
722,Masters,Industry,99
2588,PhD,Academia,75
872,Masters,Industry,89
926,Masters,Industry,81
373,Masters,Industry,98
1843,Masters,Academia,100
763,Masters,Industry,93
2524,PhD,Academia,74
1274,Masters,Industry,85
2436,PhD,Academia,75
2885,PhD,Academia,94
1156,Masters,Industry,98
2192,PhD,Industry,90
2209,PhD,Industry,106
1909,Masters,Academia,86
1040,Masters,Industry,86
2097,Masters,Academia,79
1785,Masters,Industry,87
885,Masters,Industry,86
1532,Masters,Industry,87
831,Masters,Industry,98
2320,PhD,Industry,79
2529,PhD,Academia,74
241,Masters,Industry,93
1117,Masters,Industry,97
1775,Masters,Industry,100
353,Masters,Industry,99
1389,Masters,Industry,93
324,Masters,Industry,80
2852,PhD,Academia,92
2128,PhD,Industry,93
1812,Masters,Academia,90
1282,Masters,Industry,97
2672,PhD,Academia,90
2921,PhD,Academia,85
869,Masters,Industry,83
873,Masters,Industry,97
1005,Masters,Industry,88
697,Masters,Industry,82
1552,Masters,Industry,83
2520,PhD,Academia,87
1605,Masters,Industry,87
1020,Masters,Industry,97
1166,Masters,Industry,83
2108,PhD,Industry,106
329,Masters,Industry,85
2224,PhD,Industry,107
699,Masters,Industry,97
1284,Masters,Industry,91
434,Masters,Industry,81
541,Masters,Industry,96
595,Masters,Industry,94
2465,PhD,Academia,85
2161,PhD,Industry,96
413,Masters,Industry,89
2640,PhD,Academia,96
848,Masters,Industry,97
1653,Masters,Industry,93
893,Masters,Industry,89
210,Masters,Industry,96
2056,Masters,Academia,66
1072,Masters,Industry,97
2972,PhD,Academia,82
1490,Masters,Industry,97
338,Masters,Industry,100
2551,PhD,Academia,76
691,Masters,Industry,92
1038,Masters,Industry,91
739,Masters,Industry,83
2995,PhD,Academia,74
1355,Masters,Industry,94
2380,PhD,Industry,87
2039,Masters,Academia,74
2608,PhD,Academia,94
1792,Masters,Industry,94
1252,Masters,Industry,93
499,Masters,Industry,99
1579,Masters,Industry,90
2944,PhD,Academia,98
2503,PhD,Academia,91
2577,PhD,Academia,99
2987,PhD,Academia,99
1681,Masters,Industry,96
1971,Masters,Academia,67
990,Masters,Industry,84
1597,Masters,Industry,87
1518,Masters,Industry,81
100,Masters,Industry,95
1936,Masters,Academia,82
470,Masters,Industry,82
1685,Masters,Industry,84
744,Masters,Industry,82
307,Masters,Industry,88
2160,PhD,Industry,92
1396,Masters,Industry,91
1336,Masters,Industry,96
1782,Masters,Industry,91
2055,Masters,Academia,78
1198,Masters,Industry,83
575,Masters,Industry,81
998,Masters,Industry,99
2565,PhD,Academia,96
480,Masters,Industry,97
1239,Masters,Industry,89
521,Masters,Industry,100
1245,Masters,Industry,90
2963,PhD,Academia,87
2841,PhD,Academia,80
2877,PhD,Academia,87
459,Masters,Industry,94
101,Masters,Industry,93
2762,PhD,Academia,88
1885,Masters,Academia,96
2774,PhD,Academia,75
1343,Masters,Industry,89
604,Masters,Industry,90
1487,Masters,Industry,86
348,Masters,Industry,83
2833,PhD,Academia,81
1521,Masters,Industry,91
97,Masters,Industry,94
2430,PhD,Academia,95
1470,Masters,Industry,94
2725,PhD,Academia,91
2156,PhD,Industry,108
386,Masters,Industry,93
2102,PhD,Industry,91
144,Masters,Industry,91
2119,PhD,Industry,103
1583,Masters,Industry,89
623,Masters,Industry,92
888,Masters,Industry,94
1306,Masters,Industry,88
2076,Masters,Academia,68
271,Masters,Industry,93
2426,PhD,Academia,76
800,Masters,Industry,89
1283,Masters,Industry,97
2032,Masters,Academia,72
664,Masters,Industry,80
2091,Masters,Academia,70
1933,Masters,Academia,86
2823,PhD,Academia,73
1141,Masters,Industry,81
961,Masters,Industry,90
1932,Masters,Academia,93
1293,Masters,Industry,97
2416,PhD,Academia,90
2958,PhD,Academia,78
2085,Masters,Academia,66
1058,Masters,Industry,98
117,Masters,Industry,86
71,Masters,Industry,82
262,Masters,Industry,80
26,Masters,Industry,86
67,Masters,Industry,89
840,Masters,Industry,96
1455,Masters,Industry,84
1408,Masters,Industry,97
1159,Masters,Industry,97
2317,PhD,Industry,91
1772,Masters,Industry,88
2069,Masters,Academia,67
2892,PhD,Academia,87
346,Masters,Industry,93
1160,Masters,Industry,89
2509,PhD,Academia,83
881,Masters,Industry,95
1819,Masters,Academia,91
2315,PhD,Industry,92
1641,Masters,Industry,86
992,Masters,Industry,81
781,Masters,Industry,94
532,Masters,Industry,90
2134,PhD,Industry,106
1930,Masters,Academia,89
2131,PhD,Industry,107
311,Masters,Industry,99
2747,PhD,Academia,87
2390,PhD,Industry,76
2936,PhD,Academia,83
1094,Masters,Industry,91
1569,Masters,Industry,96
1714,Masters,Industry,93
2525,PhD,Academia,92
550,Masters,Industry,98
1828,Masters,Academia,97
439,Masters,Industry,92
177,Masters,Industry,83
844,Masters,Industry,86
2704,PhD,Academia,75
365,Masters,Industry,81
2010,Masters,Academia,73
290,Masters,Industry,98
1474,Masters,Industry,97
1438,Masters,Industry,89
810,Masters,Industry,83
65,Masters,Industry,94
1272,Masters,Industry,81
1137,Masters,Industry,81
2336,PhD,Industry,89
884,Masters,Industry,99
500,Masters,Industry,92
700,Masters,Industry,96
726,Masters,Industry,97
1806,Masters,Academia,98
69,Masters,Industry,100
1844,Masters,Academia,83
2392,PhD,Industry,87
1046,Masters,Industry,86
228,Masters,Industry,88
941,Masters,Industry,94
103,Masters,Industry,88
1465,Masters,Industry,99
1834,Masters,Academia,88
1515,Masters,Industry,99
2979,PhD,Academia,99
2259,PhD,Industry,73
761,Masters,Industry,99
430,Masters,Industry,90
2411,PhD,Academia,86
1585,Masters,Industry,92
260,Masters,Industry,86
192,Masters,Industry,94
2158,PhD,Industry,91
1512,Masters,Industry,84
2712,PhD,Academia,87
235,Masters,Industry,97
2617,PhD,Academia,74
2376,PhD,Industry,84
2773,PhD,Academia,96
2702,PhD,Academia,91
453,Masters,Industry,93
115,Masters,Industry,89
969,Masters,Industry,96
557,Masters,Industry,81
1354,Masters,Industry,89
1887,Masters,Academia,84
898,Masters,Industry,92
86,Masters,Industry,93
2278,PhD,Industry,74
944,Masters,Industry,84
1800,Masters,Industry,84
2613,PhD,Academia,95
2086,Masters,Academia,75
2132,PhD,Industry,93
31,Masters,Industry,94
118,Masters,Industry,84
2889,PhD,Academia,74
410,Masters,Industry,95
681,Masters,Industry,97
221,Masters,Industry,89
421,Masters,Industry,82
1267,Masters,Industry,92
389,Masters,Industry,98
2137,PhD,Industry,110
2339,PhD,Industry,94
1984,Masters,Academia,77
2604,PhD,Academia,88
2225,PhD,Industry,106
1852,Masters,Academia,92
1076,Masters,Industry,93
1499,Masters,Industry,82
751,Masters,Industry,86
652,Masters,Industry,81
1916,Masters,Academia,84
2349,PhD,Industry,89
259,Masters,Industry,93
2354,PhD,Industry,72
2300,PhD,Industry,81
852,Masters,Industry,98
289,Masters,Industry,91
1725,Masters,Industry,89
1693,Masters,Industry,92
1689,Masters,Industry,93
293,Masters,Industry,98
2532,PhD,Academia,85
2556,PhD,Academia,85
183,Masters,Industry,86
1176,Masters,Industry,89
1075,Masters,Industry,97
315,Masters,Industry,87
1526,Masters,Industry,82
1233,Masters,Industry,90
267,Masters,Industry,81
2214,PhD,Industry,97
82,Masters,Industry,88
2759,PhD,Academia,98
77,Masters,Industry,85
560,Masters,Industry,84
237,Masters,Industry,99
1315,Masters,Industry,88
845,Masters,Industry,84
2059,Masters,Academia,66
1352,Masters,Industry,82
1790,Masters,Industry,97
1338,Masters,Industry,81
688,Masters,Industry,93
1124,Masters,Industry,91
798,Masters,Industry,99
2136,PhD,Industry,99
1833,Masters,Academia,96
2590,PhD,Academia,75
1608,Masters,Industry,84
2911,PhD,Academia,98
455,Masters,Industry,87
2828,PhD,Academia,73
2682,PhD,Academia,73
1304,Masters,Industry,89
1064,Masters,Industry,100
33,Masters,Industry,89
488,Masters,Industry,90
1982,Masters,Academia,61
2440,PhD,Academia,75
1467,Masters,Industry,96
76,Masters,Industry,82
2474,PhD,Academia,80
1255,Masters,Industry,95
2093,Masters,Academia,68
1444,Masters,Industry,87
1271,Masters,Industry,85
2248,PhD,Industry,102
1691,Masters,Industry,96
369,Masters,Industry,82
2098,Masters,Academia,64
1523,Masters,Industry,93
2641,PhD,Academia,70
108,Masters,Industry,88
2241,PhD,Industry,107
1574,Masters,Industry,82
930,Masters,Industry,84
1713,Masters,Industry,92
62,Masters,Industry,88
2541,PhD,Academia,91
1047,Masters,Industry,90
2314,PhD,Industry,77
2840,PhD,Academia,94
1941,Masters,Academia,83
1415,Masters,Industry,99
835,Masters,Industry,88
481,Masters,Industry,95
175,Masters,Industry,89
2973,PhD,Academia,99
1712,Masters,Industry,88
2767,PhD,Academia,85
2279,PhD,Industry,85
1535,Masters,Industry,83
566,Masters,Industry,98
2791,PhD,Academia,72
1369,Masters,Industry,81
2548,PhD,Academia,78
2130,PhD,Industry,92
2891,PhD,Academia,75
910,Masters,Industry,97
1207,Masters,Industry,85
2935,PhD,Academia,79
1208,Masters,Industry,84
106,Masters,Industry,82
402,Masters,Industry,91
1434,Masters,Industry,88
1911,Masters,Academia,81
1795,Masters,Industry,96
2507,PhD,Academia,82
231,Masters,Industry,85
1140,Masters,Industry,89
2915,PhD,Academia,83
1288,Masters,Industry,97
1440,Masters,Industry,99
140,Masters,Industry,85
2908,PhD,Academia,88
2563,PhD,Academia,100
1735,Masters,Industry,97
1892,Masters,Academia,88
1084,Masters,Industry,83
465,Masters,Industry,93
1375,Masters,Industry,86
2511,PhD,Academia,71
717,Masters,Industry,92
1614,Masters,Industry,92
538,Masters,Industry,89
2647,PhD,Academia,72
2798,PhD,Academia,91
2573,PhD,Academia,84
297,Masters,Industry,100
1616,Masters,Industry,95
2328,PhD,Industry,76
2687,PhD,Academia,75
874,Masters,Industry,98
1461,Masters,Industry,96
83,Masters,Industry,92
238,Masters,Industry,82
2266,PhD,Industry,86
1961,Masters,Academia,72
1975,Masters,Academia,74
2018,Masters,Academia,63
1037,Masters,Industry,84
2771,PhD,Academia,82
1414,Masters,Industry,98
2379,PhD,Industry,97
102,Masters,Industry,87
2616,PhD,Academia,84
88,Masters,Industry,87
750,Masters,Industry,99
1161,Masters,Industry,85
1260,Masters,Industry,97
2960,PhD,Academia,87
18,Masters,Industry,93
2109,PhD,Industry,90
2884,PhD,Academia,91
1197,Masters,Industry,81
2597,PhD,Academia,98
1458,Masters,Industry,80
1135,Masters,Industry,82
1675,Masters,Industry,91
1206,Masters,Industry,85
1655,Masters,Industry,99
1253,Masters,Industry,84
638,Masters,Industry,89
2310,PhD,Industry,74
1967,Masters,Academia,79
1927,Masters,Academia,80
1492,Masters,Industry,95
2857,PhD,Academia,84
2600,PhD,Academia,89
1428,Masters,Industry,86
2872,PhD,Academia,75
1820,Masters,Academia,95
515,Masters,Industry,98
1779,Masters,Industry,81
2429,PhD,Academia,87
605,Masters,Industry,99
922,Masters,Industry,82
1024,Masters,Industry,89
1686,Masters,Industry,91
2700,PhD,Academia,85
1327,Masters,Industry,92
501,Masters,Industry,96
964,Masters,Industry,100
1244,Masters,Industry,99
2038,Masters,Academia,62
1587,Masters,Industry,81
911,Masters,Industry,92
139,Masters,Industry,84
2175,PhD,Industry,97
344,Masters,Industry,90
2998,PhD,Academia,80
2959,PhD,Academia,93
2750,PhD,Academia,90
2369,PhD,Industry,79
422,Masters,Industry,81
2992,PhD,Academia,74
20,Masters,Industry,88
2970,PhD,Academia,93
2319,PhD,Industry,72
826,Masters,Industry,86
1041,Masters,Industry,92
2114,PhD,Industry,99
2053,Masters,Academia,74
1426,Masters,Industry,96
2139,PhD,Industry,100
54,Masters,Industry,85
1451,Masters,Industry,100
2480,PhD,Academia,91
204,Masters,Industry,98
1405,Masters,Industry,99
1089,Masters,Industry,97
2262,PhD,Industry,96
2422,PhD,Academia,73
2475,PhD,Academia,73
2333,PhD,Industry,99
2047,Masters,Academia,76
1592,Masters,Industry,96
424,Masters,Industry,95
2386,PhD,Industry,79
81,Masters,Industry,82
2151,PhD,Industry,101
1872,Masters,Academia,93
1942,Masters,Academia,80
1074,Masters,Industry,82
23,Masters,Industry,91
2536,PhD,Academia,91
1372,Masters,Industry,86
2855,PhD,Academia,92
1318,Masters,Industry,100
1495,Masters,Industry,94
780,Masters,Industry,80
1679,Masters,Industry,89
684,Masters,Industry,81
2954,PhD,Academia,83
2359,PhD,Industry,71
2961,PhD,Academia,92
783,Masters,Industry,93
1424,Masters,Industry,92
91,Masters,Industry,99
997,Masters,Industry,84
51,Masters,Industry,92
1934,Masters,Academia,93
2568,PhD,Academia,90
2365,PhD,Industry,90
2254,PhD,Industry,95
2849,PhD,Academia,99
1382,Masters,Industry,86
428,Masters,Industry,84
1805,Masters,Academia,81
2145,PhD,Industry,100
662,Masters,Industry,99
1227,Masters,Industry,96
2246,PhD,Industry,95
2593,PhD,Academia,75
2129,PhD,Industry,97
1062,Masters,Industry,86
1175,Masters,Industry,95
168,Masters,Industry,93
968,Masters,Industry,94
1388,Masters,Industry,93
548,Masters,Industry,80
2265,PhD,Industry,78
399,Masters,Industry,88
1145,Masters,Industry,88
1385,Masters,Industry,86
206,Masters,Industry,84
2443,PhD,Academia,80
812,Masters,Industry,99
577,Masters,Industry,100
1801,Masters,Academia,91
495,Masters,Industry,81
716,Masters,Industry,84
215,Masters,Industry,89
527,Masters,Industry,89
1364,Masters,Industry,91
2435,PhD,Academia,84
1575,Masters,Industry,97
2839,PhD,Academia,85
2619,PhD,Academia,92
2324,PhD,Industry,90
2441,PhD,Academia,84
1502,Masters,Industry,96
620,Masters,Industry,82
2243,PhD,Industry,107
492,Masters,Industry,99
2984,PhD,Academia,82
158,Masters,Industry,98
1431,Masters,Industry,81
2215,PhD,Industry,94
355,Masters,Industry,92
2356,PhD,Industry,77
227,Masters,Industry,96
172,Masters,Industry,96
441,Masters,Industry,92
2905,PhD,Academia,86
932,Masters,Industry,90
147,Masters,Industry,93
2694,PhD,Academia,78
737,Masters,Industry,85
1158,Masters,Industry,81
2363,PhD,Industry,80
1977,Masters,Academia,64
1019,Masters,Industry,80
2343,PhD,Industry,71
250,Masters,Industry,94
2397,PhD,Industry,80
621,Masters,Industry,96
2763,PhD,Academia,96
364,Masters,Industry,90
1004,Masters,Industry,85
1728,Masters,Industry,87
2002,Masters,Academia,72
1193,Masters,Industry,90
2962,PhD,Academia,73
1897,Masters,Academia,92
1321,Masters,Industry,84
1407,Masters,Industry,87
2001,Masters,Academia,70
1287,Masters,Industry,83
2431,PhD,Academia,89
564,Masters,Industry,98
1454,Masters,Industry,82
1572,Masters,Industry,81
1938,Masters,Academia,94
2173,PhD,Industry,108
361,Masters,Industry,86
667,Masters,Industry,85
1114,Masters,Industry,88
2327,PhD,Industry,72
2701,PhD,Academia,86
2655,PhD,Academia,73
1406,Masters,Industry,89
1701,Masters,Industry,88
1727,Masters,Industry,94
1945,Masters,Academia,92
2189,PhD,Industry,95
587,Masters,Industry,94
694,Masters,Industry,86
313,Masters,Industry,97
448,Masters,Industry,81
1468,Masters,Industry,88
863,Masters,Industry,82
1854,Masters,Academia,91
2939,PhD,Academia,99
239,Masters,Industry,98
2605,PhD,Academia,97
1215,Masters,Industry,92
2977,PhD,Academia,100
1262,Masters,Industry,86
1325,Masters,Industry,86
2671,PhD,Academia,90
1546,Masters,Industry,95
2200,PhD,Industry,100
1008,Masters,Industry,99
2906,PhD,Academia,73
1606,Masters,Industry,92
1378,Masters,Industry,83
2003,Masters,Academia,76
1847,Masters,Academia,84
1088,Masters,Industry,84
2358,PhD,Industry,84
2113,PhD,Industry,109
63,Masters,Industry,80
458,Masters,Industry,96
2560,PhD,Academia,80
2719,PhD,Academia,87
2165,PhD,Industry,109
877,Masters,Industry,98
2351,PhD,Industry,97
692,Masters,Industry,97
2824,PhD,Academia,98
1627,Masters,Industry,83
2172,PhD,Industry,103
370,Masters,Industry,83
1998,Masters,Academia,67
2800,PhD,Academia,89
597,Masters,Industry,82
2907,PhD,Academia,72
1362,Masters,Industry,93
1798,Masters,Industry,99
2794,PhD,Academia,74
1281,Masters,Industry,96
95,Masters,Industry,85
617,Masters,Industry,99
133,Masters,Industry,81
2297,PhD,Industry,71
822,Masters,Industry,81
2550,PhD,Academia,79
2811,PhD,Academia,74
1028,Masters,Industry,98
2194,PhD,Industry,91
999,Masters,Industry,92
733,Masters,Industry,92
1697,Masters,Industry,88
99,Masters,Industry,96
1778,Masters,Industry,100
2768,PhD,Academia,86
1809,Masters,Academia,91
856,Masters,Industry,85
2424,PhD,Academia,93
1203,Masters,Industry,98
2325,PhD,Industry,71
576,Masters,Industry,84
354,Masters,Industry,94
821,Masters,Industry,81
5,Masters,Industry,100
162,Masters,Industry,82
2159,PhD,Industry,108
2127,PhD,Industry,93
2974,PhD,Academia,80
1033,Masters,Industry,96
660,Masters,Industry,98
714,Masters,Industry,97
2765,PhD,Academia,78
151,Masters,Industry,95
2427,PhD,Academia,73
1600,Masters,Industry,90
1609,Masters,Industry,99
2171,PhD,Industry,106
2439,PhD,Academia,88
2639,PhD,Academia,70
2592,PhD,Academia,79
1859,Masters,Academia,86
849,Masters,Industry,96
165,Masters,Industry,87
2089,Masters,Academia,62
908,Masters,Industry,89
1014,Masters,Industry,94
2916,PhD,Academia,80
1706,Masters,Industry,82
1173,Masters,Industry,93
137,Masters,Industry,83
2815,PhD,Academia,85
1480,Masters,Industry,88
2510,PhD,Academia,86
396,Masters,Industry,94
1337,Masters,Industry,93
1128,Masters,Industry,89
2945,PhD,Academia,79
2801,PhD,Academia,86
234,Masters,Industry,89
1291,Masters,Industry,93
1968,Masters,Academia,66
2534,PhD,Academia,71
715,Masters,Industry,92
1729,Masters,Industry,90
1347,Masters,Industry,85
859,Masters,Industry,97
2918,PhD,Academia,94
639,Masters,Industry,97
213,Masters,Industry,99
1870,Masters,Academia,95
1463,Masters,Industry,81
2662,PhD,Academia,72
2223,PhD,Industry,97
901,Masters,Industry,98
746,Masters,Industry,97
808,Masters,Industry,87
1946,Masters,Academia,98
1134,Masters,Industry,98
2842,PhD,Academia,77
1564,Masters,Industry,84
2087,Masters,Academia,62
2843,PhD,Academia,96
2738,PhD,Academia,92
2708,PhD,Academia,95
2104,PhD,Industry,104
2875,PhD,Academia,75
1742,Masters,Industry,95
2648,PhD,Academia,85
360,Masters,Industry,100
1435,Masters,Industry,94
2374,PhD,Industry,94
124,Masters,Industry,87
2844,PhD,Academia,81
2516,PhD,Academia,79
2736,PhD,Academia,76
2764,PhD,Academia,84
420,Masters,Industry,85
2827,PhD,Academia,97
676,Masters,Industry,96
2149,PhD,Industry,109
2023,Masters,Academia,70
3000,PhD,Academia,98
1949,Masters,Academia,98
1684,Masters,Industry,87
687,Masters,Industry,98
2238,PhD,Industry,99
854,Masters,Industry,96
1261,Masters,Industry,97
2148,PhD,Industry,102
2947,PhD,Academia,98
2163,PhD,Industry,98
2942,PhD,Academia,77
2658,PhD,Academia,76
2635,PhD,Academia,76
1719,Masters,Industry,92
755,Masters,Industry,97
2323,PhD,Industry,87
1023,Masters,Industry,87
2096,Masters,Academia,73
132,Masters,Industry,99
314,Masters,Industry,90
612,Masters,Industry,98
2490,PhD,Academia,85
2274,PhD,Industry,99
1360,Masters,Industry,80
1339,Masters,Industry,92
90,Masters,Industry,99
1665,Masters,Industry,95
282,Masters,Industry,82
2462,PhD,Academia,90
1332,Masters,Industry,90
105,Masters,Industry,84
2731,PhD,Academia,74
212,Masters,Industry,91
2832,PhD,Academia,73
1350,Masters,Industry,99
2949,PhD,Academia,72
644,Masters,Industry,80
570,Masters,Industry,94
1839,Masters,Academia,83
1622,Masters,Industry,93
44,Masters,Industry,90
1386,Masters,Industry,94
2418,PhD,Academia,76
2862,PhD,Academia,84
1958,Masters,Academia,78
2406,PhD,Academia,90
718,Masters,Industry,81
339,Masters,Industry,87
326,Masters,Industry,96
127,Masters,Industry,80
1860,Masters,Academia,84
214,Masters,Industry,95
2237,PhD,Industry,103
216,Masters,Industry,97
2391,PhD,Industry,70
454,Masters,Industry,89
1090,Masters,Industry,88
1853,Masters,Academia,90
2629,PhD,Academia,90
973,Masters,Industry,83
2050,Masters,Academia,80
391,Masters,Industry,87
2026,Masters,Academia,74
554,Masters,Industry,94
379,Masters,Industry,80
2910,PhD,Academia,81
2152,PhD,Industry,97
846,Masters,Industry,92
2084,Masters,Academia,62
1786,Masters,Industry,94
1421,Masters,Industry,95
1651,Masters,Industry,94
727,Masters,Industry,92
268,Masters,Industry,100
672,Masters,Industry,93
2051,Masters,Academia,65
1645,Masters,Industry,97
1030,Masters,Industry,98
2893,PhD,Academia,99
395,Masters,Industry,93
207,Masters,Industry,81
1822,Masters,Academia,92
1576,Masters,Industry,97
2580,PhD,Academia,77
1366,Masters,Industry,89
1368,Masters,Industry,90
1894,Masters,Academia,84
19,Masters,Industry,96
2387,PhD,Industry,87
1026,Masters,Industry,86
1889,Masters,Academia,95
543,Masters,Industry,84
776,Masters,Industry,81
1286,Masters,Industry,84
1300,Masters,Industry,97
2846,PhD,Academia,96
1402,Masters,Industry,84
1615,Masters,Industry,87
195,Masters,Industry,82
2863,PhD,Academia,98
1888,Masters,Academia,99
1767,Masters,Industry,95
1472,Masters,Industry,84
375,Masters,Industry,93
1359,Masters,Industry,89
2321,PhD,Industry,78
1168,Masters,Industry,81
1702,Masters,Industry,85
768,Masters,Industry,85
200,Masters,Industry,81
1912,Masters,Academia,100
2870,PhD,Academia,87
713,Masters,Industry,80
179,Masters,Industry,82
2082,Masters,Academia,74
592,Masters,Industry,95
603,Masters,Industry,92
2094,Masters,Academia,75
2598,PhD,Academia,100
1049,Masters,Industry,100
224,Masters,Industry,81
1498,Masters,Industry,81
902,Masters,Industry,84
982,Masters,Industry,95
2897,PhD,Academia,71
2578,PhD,Academia,100
155,Masters,Industry,83
2795,PhD,Academia,81
52,Masters,Industry,87
735,Masters,Industry,88
1989,Masters,Academia,65
352,Masters,Industry,89
1743,Masters,Industry,82
59,Masters,Industry,80
1762,Masters,Industry,96
2428,PhD,Academia,83
1054,Masters,Industry,94
2869,PhD,Academia,93
1858,Masters,Academia,84
916,Masters,Industry,98
2599,PhD,Academia,88
912,Masters,Industry,96
478,Masters,Industry,91
574,Masters,Industry,81
1832,Masters,Academia,88
2517,PhD,Academia,89
1126,Masters,Industry,86
1918,Masters,Academia,83
2455,PhD,Academia,73
1311,Masters,Industry,90
905,Masters,Industry,97
169,Masters,Industry,97
2095,Masters,Academia,65
261,Masters,Industry,96
2307,PhD,Industry,79
1358,Masters,Industry,93
895,Masters,Industry,83
666,Masters,Industry,93
2272,PhD,Industry,76
1823,Masters,Academia,98
1439,Masters,Industry,90
1643,Masters,Industry,83
1123,Masters,Industry,84
2621,PhD,Academia,91
2383,PhD,Industry,84
1258,Masters,Industry,87
109,Masters,Industry,99
689,Masters,Industry,85
2057,Masters,Academia,62
1924,Masters,Academia,80
2994,PhD,Academia,96
892,Masters,Industry,98
211,Masters,Industry,97
2501,PhD,Academia,73
2117,PhD,Industry,99
1703,Masters,Industry,97
2260,PhD,Industry,93
1344,Masters,Industry,81
1297,Masters,Industry,97
1105,Masters,Industry,85
2714,PhD,Academia,80
1700,Masters,Industry,87
1940,Masters,Academia,99
1976,Masters,Academia,66
1317,Masters,Industry,99
2620,PhD,Academia,93
1486,Masters,Industry,99
2271,PhD,Industry,94
1413,Masters,Industry,96
1404,Masters,Industry,84
1178,Masters,Industry,90
1631,Masters,Industry,97
2784,PhD,Academia,71
1177,Masters,Industry,89
1138,Masters,Industry,89
2190,PhD,Industry,93
1453,Masters,Industry,89
928,Masters,Industry,90
1314,Masters,Industry,84
2118,PhD,Industry,92
536,Masters,Industry,99
4,Masters,Industry,88
1143,Masters,Industry,92
300,Masters,Industry,86
1324,Masters,Industry,87
2061,Masters,Academia,80
686,Masters,Industry,93
954,Masters,Industry,99
2722,PhD,Academia,90
1594,Masters,Industry,99
2401,PhD,Academia,91
1069,Masters,Industry,91
2779,PhD,Academia,71
1154,Masters,Industry,94
1531,Masters,Industry,85
2088,Masters,Academia,78
2019,Masters,Academia,62
2361,PhD,Industry,72
6,Masters,Industry,100
154,Masters,Industry,94
322,Masters,Industry,81
116,Masters,Industry,87
2743,PhD,Academia,85
1543,Masters,Industry,82
765,Masters,Industry,100
119,Masters,Industry,97
2802,PhD,Academia,93
774,Masters,Industry,98
2231,PhD,Industry,99
2409,PhD,Academia,96
1103,Masters,Industry,99
2367,PhD,Industry,82
2539,PhD,Academia,86
777,Masters,Industry,97
2508,PhD,Academia,81
45,Masters,Industry,88
1136,Masters,Industry,87
304,Masters,Industry,92
609,Masters,Industry,80
1029,Masters,Industry,80
2930,PhD,Academia,79
1491,Masters,Industry,94
2680,PhD,Academia,77
274,Masters,Industry,87
2729,PhD,Academia,98
690,Masters,Industry,91
1826,Masters,Academia,88
2555,PhD,Academia,88
2826,PhD,Academia,78
1563,Masters,Industry,96
1104,Masters,Industry,95
1787,Masters,Industry,97
2807,PhD,Academia,97
2717,PhD,Academia,79
2850,PhD,Academia,97
948,Masters,Industry,99
611,Masters,Industry,94
871,Masters,Industry,86
2496,PhD,Academia,87
1964,Masters,Academia,78
72,Masters,Industry,90
1690,Masters,Industry,83
1595,Masters,Industry,80
2143,PhD,Industry,95
53,Masters,Industry,89
675,Masters,Industry,91
1857,Masters,Academia,97
46,Masters,Industry,83
1788,Masters,Industry,98
1116,Masters,Industry,96
1313,Masters,Industry,81
372,Masters,Industry,87
1750,Masters,Industry,92
1602,Masters,Industry,99
661,Masters,Industry,94
865,Masters,Industry,87
2666,PhD,Academia,73
2760,PhD,Academia,98
2685,PhD,Academia,83
2178,PhD,Industry,92
1009,Masters,Industry,90
1351,Masters,Industry,90
937,Masters,Industry,99
2755,PhD,Academia,95
145,Masters,Industry,88
1657,Masters,Industry,100
128,Masters,Industry,82
2873,PhD,Academia,71
528,Masters,Industry,98
1791,Masters,Industry,98
288,Masters,Industry,90
1993,Masters,Academia,70
631,Masters,Industry,96
1379,Masters,Industry,93
967,Masters,Industry,84
2951,PhD,Academia,92
635,Masters,Industry,97
1384,Masters,Industry,81
244,Masters,Industry,82
2626,PhD,Academia,89
2818,PhD,Academia,83
2596,PhD,Academia,92
680,Masters,Industry,82
1129,Masters,Industry,97
984,Masters,Industry,85
58,Masters,Industry,84
1590,Masters,Industry,84
1045,Masters,Industry,98
2305,PhD,Industry,91
791,Masters,Industry,85
266,Masters,Industry,88
736,Masters,Industry,89
2289,PhD,Industry,79
2437,PhD,Academia,86
1280,Masters,Industry,98
427,Masters,Industry,80
590,Masters,Industry,96
184,Masters,Industry,80
522,Masters,Industry,88
2256,PhD,Industry,98
2220,PhD,Industry,101
1914,Masters,Academia,99
1928,Masters,Academia,92
2879,PhD,Academia,99
732,Masters,Industry,95
194,Masters,Industry,88
2595,PhD,Academia,90
551,Masters,Industry,99
1903,Masters,Academia,94
1186,Masters,Industry,84
2491,PhD,Academia,82
2012,Masters,Academia,66
112,Masters,Industry,82
1520,Masters,Industry,85
411,Masters,Industry,98
1269,Masters,Industry,92
2030,Masters,Academia,64
248,Masters,Industry,99
2876,PhD,Academia,72
10,Masters,Industry,87
2528,PhD,Academia,71
1610,Masters,Industry,81
508,Masters,Industry,95
1842,Masters,Academia,85
1865,Masters,Academia,95
1425,Masters,Industry,98
27,Masters,Industry,81
2688,PhD,Academia,78
2393,PhD,Industry,84
2083,Masters,Academia,63
1034,Masters,Industry,88
2126,PhD,Industry,109
1672,Masters,Industry,82
1530,Masters,Industry,100
1224,Masters,Industry,90
1373,Masters,Industry,81
1739,Masters,Industry,97
74,Masters,Industry,99
2044,Masters,Academia,71
2612,PhD,Academia,96
66,Masters,Industry,85
362,Masters,Industry,88
2793,PhD,Academia,96
628,Masters,Industry,94
57,Masters,Industry,83
1333,Masters,Industry,93
962,Masters,Industry,89
2980,PhD,Academia,85
1821,Masters,Academia,81
1528,Masters,Industry,96
2101,PhD,Industry,92
970,Masters,Industry,88
1881,Masters,Academia,93
387,Masters,Industry,97
646,Masters,Industry,85
150,Masters,Industry,94
563,Masters,Industry,87
1986,Masters,Academia,67
943,Masters,Industry,82
2415,PhD,Academia,87
1445,Masters,Industry,87
37,Masters,Industry,87
1547,Masters,Industry,86
2990,PhD,Academia,95
2817,PhD,Academia,91
1957,Masters,Academia,67
2587,PhD,Academia,82
2045,Masters,Academia,75
2547,PhD,Academia,93
2014,Masters,Academia,70
2753,PhD,Academia,71
2373,PhD,Industry,88
2240,PhD,Industry,101
328,Masters,Industry,89
2735,PhD,Academia,90
1289,Masters,Industry,94
2463,PhD,Academia,91
2660,PhD,Academia,99
1707,Masters,Industry,82
1674,Masters,Industry,85
979,Masters,Industry,85
2982,PhD,Academia,80
2654,PhD,Academia,87
1581,Masters,Industry,97
2585,PhD,Academia,73
264,Masters,Industry,83
2301,PhD,Industry,76
918,Masters,Industry,96
232,Masters,Industry,90
473,Masters,Industry,94
131,Masters,Industry,89
565,Masters,Industry,97
1824,Masters,Academia,100
2013,Masters,Academia,65
394,Masters,Industry,99
1395,Masters,Industry,93
2559,PhD,Academia,84
1419,Masters,Industry,81
2155,PhD,Industry,102
2255,PhD,Industry,74
1738,Masters,Industry,93
512,Masters,Industry,84
2656,PhD,Academia,97
2236,PhD,Industry,91
164,Masters,Industry,83
1995,Masters,Academia,70
443,Masters,Industry,84
129,Masters,Industry,95
1797,Masters,Industry,99
1191,Masters,Industry,100
2073,Masters,Academia,77
1979,Masters,Academia,75
1397,Masters,Industry,95
2335,PhD,Industry,86
2581,PhD,Academia,81
1761,Masters,Industry,100
1699,Masters,Industry,87
309,Masters,Industry,93
2914,PhD,Academia,83
1623,Masters,Industry,86
1720,Masters,Industry,88
2005,Masters,Academia,76
1557,Masters,Industry,83
2686,PhD,Academia,76
409,Masters,Industry,98
479,Masters,Industry,87
2360,PhD,Industry,80
1770,Masters,Industry,86
1247,Masters,Industry,91
1240,Masters,Industry,81
1724,Masters,Industry,82
1721,Masters,Industry,83
2226,PhD,Industry,100
1071,Masters,Industry,99
2646,PhD,Academia,87
1073,Masters,Industry,83
174,Masters,Industry,90
1401,Masters,Industry,87
1279,Masters,Industry,83
440,Masters,Industry,82
841,Masters,Industry,90
2011,Masters,Academia,77
323,Masters,Industry,96
2553,PhD,Academia,93
817,Masters,Industry,81
380,Masters,Industry,95
254,Masters,Industry,97
552,Masters,Industry,80
2302,PhD,Industry,89
2146,PhD,Industry,106
3,Masters,Industry,92
2785,PhD,Academia,72
887,Masters,Industry,85
1527,Masters,Industry,84
2723,PhD,Academia,85
2669,PhD,Academia,79
2796,PhD,Academia,76
1773,Masters,Industry,92
17,Masters,Industry,83
78,Masters,Industry,81
784,Masters,Industry,87
1107,Masters,Industry,88
2623,PhD,Academia,89
2460,PhD,Academia,74
1850,Masters,Academia,88
2377,PhD,Industry,94
1612,Masters,Industry,93
296,Masters,Industry,89
2751,PhD,Academia,79
2483,PhD,Academia,76
85,Masters,Industry,83
767,Masters,Industry,87
1153,Masters,Industry,97
39,Masters,Industry,86
2074,Masters,Academia,67
42,Masters,Industry,94
544,Masters,Industry,98
2423,PhD,Academia,94
1723,Masters,Industry,92
1095,Masters,Industry,93
1793,Masters,Industry,88
530,Masters,Industry,94
477,Masters,Industry,96
991,Masters,Industry,89
1919,Masters,Academia,87
404,Masters,Industry,86
2210,PhD,Industry,104
1841,Masters,Academia,98
1353,Masters,Industry,96
520,Masters,Industry,93
308,Masters,Industry,100
1891,Masters,Academia,88
1328,Masters,Industry,95
807,Masters,Industry,95
2452,PhD,Academia,89
610,Masters,Industry,88
2531,PhD,Academia,87
1063,Masters,Industry,95
995,Masters,Industry,83
319,Masters,Industry,88
1460,Masters,Industry,85
347,Masters,Industry,82
2282,PhD,Industry,89
583,Masters,Industry,89
2133,PhD,Industry,93
1567,Masters,Industry,94
2933,PhD,Academia,94
333,Masters,Industry,81
2230,PhD,Industry,105
1268,Masters,Industry,94
2733,PhD,Academia,77
1835,Masters,Academia,85
980,Masters,Industry,89
1920,Masters,Academia,87
2715,PhD,Academia,78
947,Masters,Industry,93
92,Masters,Industry,93
773,Masters,Industry,88
298,Masters,Industry,96
896,Masters,Industry,87
2650,PhD,Academia,88
1874,Masters,Academia,93
899,Masters,Industry,88
1330,Masters,Industry,98
1441,Masters,Industry,98
2405,PhD,Academia,83
1811,Masters,Academia,87
558,Masters,Industry,86
2040,Masters,Academia,72
253,Masters,Industry,94
786,Masters,Industry,84
1292,Masters,Industry,99
1446,Masters,Industry,80
464,Masters,Industry,97
1096,Masters,Industry,81
16,Masters,Industry,89
2678,PhD,Academia,82
14,Masters,Industry,84
2627,PhD,Academia,87
2357,PhD,Industry,87
1624,Masters,Industry,93
1875,Masters,Academia,89
312,Masters,Industry,83
120,Masters,Industry,97
2572,PhD,Academia,91
1217,Masters,Industry,98
1683,Masters,Industry,84
2586,PhD,Academia,72
1901,Masters,Academia,96
29,Masters,Industry,93
834,Masters,Industry,100
2473,PhD,Academia,86
2854,PhD,Academia,94
889,Masters,Industry,87
13,Masters,Industry,94
285,Masters,Industry,91
2469,PhD,Academia,86
2607,PhD,Academia,90
581,Masters,Industry,90
1642,Masters,Industry,97
2459,PhD,Academia,99
2476,PhD,Academia,83
758,Masters,Industry,98
68,Masters,Industry,94
2772,PhD,Academia,83
1429,Masters,Industry,90
1516,Masters,Industry,87
683,Masters,Industry,89
2668,PhD,Academia,89
230,Masters,Industry,90
2836,PhD,Academia,90
199,Masters,Industry,80
1452,Masters,Industry,91
2466,PhD,Academia,83
1195,Masters,Industry,81
1172,Masters,Industry,81
1925,Masters,Academia,88
2419,PhD,Academia,100
2831,PhD,Academia,80
80,Masters,Industry,97
756,Masters,Industry,92
1554,Masters,Industry,97
1565,Masters,Industry,87
2135,PhD,Industry,102
1241,Masters,Industry,84
1633,Masters,Industry,99
2829,PhD,Academia,93
829,Masters,Industry,95
880,Masters,Industry,93
2925,PhD,Academia,75
988,Masters,Industry,95
123,Masters,Industry,82
2199,PhD,Industry,107
1907,Masters,Academia,94
677,Masters,Industry,83
843,Masters,Industry,99
219,Masters,Industry,82
476,Masters,Industry,88
2890,PhD,Academia,79
1667,Masters,Industry,95
1119,Masters,Industry,90
56,Masters,Industry,86
2264,PhD,Industry,86
2016,Masters,Academia,70
526,Masters,Industry,86
281,Masters,Industry,95
1042,Masters,Industry,83
593,Masters,Industry,83
1944,Masters,Academia,97
1733,Masters,Industry,90
2079,Masters,Academia,61
1219,Masters,Industry,83
482,Masters,Industry,98
2485,PhD,Academia,78
622,Masters,Industry,91
2819,PhD,Academia,73
2880,PhD,Academia,89
400,Masters,Industry,99
2309,PhD,Industry,81
484,Masters,Industry,98
2813,PhD,Academia,83
1065,Masters,Industry,92
121,Masters,Industry,100
2506,PhD,Academia,86
1985,Masters,Academia,77
2603,PhD,Academia,74
1068,Masters,Industry,85
939,Masters,Industry,89
2043,Masters,Academia,74
599,Masters,Industry,83
890,Masters,Industry,91
1209,Masters,Industry,84
1342,Masters,Industry,84
170,Masters,Industry,92
2659,PhD,Academia,95
1478,Masters,Industry,94
1323,Masters,Industry,100
2263,PhD,Industry,94
778,Masters,Industry,92
1122,Masters,Industry,89
809,Masters,Industry,90
674,Masters,Industry,93
2937,PhD,Academia,79
914,Masters,Industry,82
1886,Masters,Academia,80
1420,Masters,Industry,89
1954,Masters,Academia,74
2250,PhD,Industry,95
1180,Masters,Industry,80
1639,Masters,Industry,97
2164,PhD,Industry,94
2167,PhD,Industry,103
2353,PhD,Industry,82
178,Masters,Industry,93
1299,Masters,Industry,81
601,Masters,Industry,96
1493,Masters,Industry,90
1548,Masters,Industry,96
114,Masters,Industry,81
2533,PhD,Academia,73
569,Masters,Industry,100
653,Masters,Industry,99
381,Masters,Industry,83
382,Masters,Industry,97
94,Masters,Industry,100
1190,Masters,Industry,94
32,Masters,Industry,84
2239,PhD,Industry,101
647,Masters,Industry,85
93,Masters,Industry,82
2493,PhD,Academia,71
2338,PhD,Industry,78
1044,Masters,Industry,91
1017,Masters,Industry,89
1200,Masters,Industry,93
2385,PhD,Industry,74
276,Masters,Industry,96
1764,Masters,Industry,84
745,Masters,Industry,86
864,Masters,Industry,90
1391,Masters,Industry,93
1185,Masters,Industry,85
1010,Masters,Industry,94
2222,PhD,Industry,92
2027,Masters,Academia,60
496,Masters,Industry,92
1484,Masters,Industry,87
2115,PhD,Industry,101
1181,Masters,Industry,97
1741,Masters,Industry,89
651,Masters,Industry,91
2695,PhD,Academia,78
1620,Masters,Industry,91
513,Masters,Industry,82
2183,PhD,Industry,92
1273,Masters,Industry,86
861,Masters,Industry,82
2454,PhD,Academia,79
960,Masters,Industry,91
79,Masters,Industry,89
1753,Masters,Industry,93
1450,Masters,Industry,84
568,Masters,Industry,86
236,Masters,Industry,98
1748,Masters,Industry,90
2993,PhD,Academia,90
1165,Masters,Industry,98
2611,PhD,Academia,75
1517,Masters,Industry,81
2196,PhD,Industry,98
589,Masters,Industry,94
2198,PhD,Industry,105
2450,PhD,Academia,88
2049,Masters,Academia,63
1070,Masters,Industry,94
987,Masters,Industry,100
25,Masters,Industry,90
507,Masters,Industry,95
725,Masters,Industry,98
1758,Masters,Industry,97
2389,PhD,Industry,82
142,Masters,Industry,85
2887,PhD,Academia,91
1459,Masters,Industry,88
1784,Masters,Industry,96
2676,PhD,Academia,75
2472,PhD,Academia,85
374,Masters,Industry,82
1868,Masters,Academia,91
1443,Masters,Industry,94
2673,PhD,Academia,98
407,Masters,Industry,96
2924,PhD,Academia,80
562,Masters,Industry,81
2458,PhD,Academia,96
788,Masters,Industry,89
1483,Masters,Industry,83
867,Masters,Industry,88
2106,PhD,Industry,97
957,Masters,Industry,94
802,Masters,Industry,86
1558,Masters,Industry,93
2467,PhD,Academia,91
978,Masters,Industry,88
2203,PhD,Industry,99
1110,Masters,Industry,83
2769,PhD,Academia,72
141,Masters,Industry,86
542,Masters,Industry,82
1619,Masters,Industry,84
1519,Masters,Industry,95
2558,PhD,Academia,80
2790,PhD,Academia,93
989,Masters,Industry,90
1618,Masters,Industry,91
43,Masters,Industry,87
11,Masters,Industry,92
40,Masters,Industry,99
2591,PhD,Academia,70
2020,Masters,Academia,61
2169,PhD,Industry,93
2899,PhD,Academia,89
30,Masters,Industry,92
836,Masters,Industry,94
1201,Masters,Industry,85
2690,PhD,Academia,98
48,Masters,Industry,90
1148,Masters,Industry,92
1882,Masters,Academia,86
613,Masters,Industry,81
8,Masters,Industry,85
1654,Masters,Industry,84
1506,Masters,Industry,97
2985,PhD,Academia,94
771,Masters,Industry,87
180,Masters,Industry,94
408,Masters,Industry,90
994,Masters,Industry,91
1670,Masters,Industry,84
1650,Masters,Industry,97
2825,PhD,Academia,79
927,Masters,Industry,90
1603,Masters,Industry,95
2953,PhD,Academia,92
463,Masters,Industry,93
2330,PhD,Industry,86
185,Masters,Industry,92
579,Masters,Industry,86
1035,Masters,Industry,96
125,Masters,Industry,94
2896,PhD,Academia,86
2792,PhD,Academia,73
38,Masters,Industry,96
431,Masters,Industry,85
2498,PhD,Academia,75
2322,PhD,Industry,90
2350,PhD,Industry,77
1194,Masters,Industry,91
2162,PhD,Industry,94
2630,PhD,Academia,97
392,Masters,Industry,92
487,Masters,Industry,83
187,Masters,Industry,97
2041,Masters,Academia,63
789,Masters,Industry,86
1097,Masters,Industry,86
2804,PhD,Academia,73
2758,PhD,Academia,77
1144,Masters,Industry,97
1223,Masters,Industry,92
201,Masters,Industry,88
2976,PhD,Academia,76
1051,Masters,Industry,97
1980,Masters,Academia,67
1121,Masters,Industry,93
390,Masters,Industry,88
1412,Masters,Industry,96
1294,Masters,Industry,91
1234,Masters,Industry,96
695,Masters,Industry,86
696,Masters,Industry,98
2663,PhD,Academia,84
1301,Masters,Industry,89
894,Masters,Industry,87
855,Masters,Industry,90
2181,PhD,Industry,99
559,Masters,Industry,94
2070,Masters,Academia,74
2140,PhD,Industry,109
1542,Masters,Industry,89
2033,Masters,Academia,76
1151,Masters,Industry,85
1346,Masters,Industry,84
331,Masters,Industry,95
418,Masters,Industry,99
414,Masters,Industry,90
367,Masters,Industry,89
2642,PhD,Academia,84
955,Masters,Industry,95
2092,Masters,Academia,71
1027,Masters,Industry,98
813,Masters,Industry,93
1939,Masters,Academia,85
1167,Masters,Industry,98
1305,Masters,Industry,92
1238,Masters,Industry,84
287,Masters,Industry,96
494,Masters,Industry,96
701,Masters,Industry,99
2054,Masters,Academia,69
294,Masters,Industry,89
2410,PhD,Academia,79
1298,Masters,Industry,100
981,Masters,Industry,93
1717,Masters,Industry,81
2787,PhD,Academia,100
1335,Masters,Industry,99
1794,Masters,Industry,97
2902,PhD,Academia,91
2912,PhD,Academia,83
2201,PhD,Industry,102
2399,PhD,Industry,83
1437,Masters,Industry,87
2625,PhD,Academia,82
222,Masters,Industry,82
663,Masters,Industry,97
816,Masters,Industry,81
398,Masters,Industry,81
2403,PhD,Academia,90
833,Masters,Industry,93
182,Masters,Industry,84
2561,PhD,Academia,95
2853,PhD,Academia,72
705,Masters,Industry,81
814,Masters,Industry,97
1125,Masters,Industry,83
591,Masters,Industry,99
61,Masters,Industry,95
698,Masters,Industry,95
619,Masters,Industry,84
350,Masters,Industry,91
2920,PhD,Academia,87
163,Masters,Industry,96
2543,PhD,Academia,95
1709,Masters,Industry,98
1900,Masters,Academia,81
1130,Masters,Industry,99
2957,PhD,Academia,99
1722,Masters,Industry,87
1955,Masters,Academia,61
2634,PhD,Academia,88
2099,Masters,Academia,74
2228,PhD,Industry,105
2917,PhD,Academia,95
1754,Masters,Industry,92
1676,Masters,Industry,84
2632,PhD,Academia,84
247,Masters,Industry,85
1695,Masters,Industry,81
1803,Masters,Academia,90
442,Masters,Industry,88
2901,PhD,Academia,93
2777,PhD,Academia,80
1473,Masters,Industry,94
1449,Masters,Industry,87
2008,Masters,Academia,61
539,Masters,Industry,90
336,Masters,Industry,99
1553,Masters,Industry,96
1895,Masters,Academia,93
673,Masters,Industry,83
2606,PhD,Academia,77
1598,Masters,Industry,81
2513,PhD,Academia,80
2744,PhD,Academia,83
2883,PhD,Academia,81
2664,PhD,Academia,78
1349,Masters,Industry,83
2952,PhD,Academia,97
572,Masters,Industry,89
1403,Masters,Industry,84
1290,Masters,Industry,95
719,Masters,Industry,96
1789,Masters,Industry,99
1057,Masters,Industry,97
2291,PhD,Industry,95
491,Masters,Industry,86
486,Masters,Industry,94
2364,PhD,Industry,93
820,Masters,Industry,83
2665,PhD,Academia,99
909,Masters,Industry,96
1649,Masters,Industry,95
2123,PhD,Industry,108
2667,PhD,Academia,91
682,Masters,Industry,96
1422,Masters,Industry,91
2191,PhD,Industry,94
2519,PhD,Academia,97
2569,PhD,Academia,80
966,Masters,Industry,100
1818,Masters,Academia,96
1879,Masters,Academia,82
135,Masters,Industry,87
1974,Masters,Academia,65
98,Masters,Industry,95
2781,PhD,Academia,82
753,Masters,Industry,81
1827,Masters,Academia,96
1418,Masters,Industry,89
1621,Masters,Industry,91
523,Masters,Industry,90
946,Masters,Industry,94
1662,Masters,Industry,96
870,Masters,Industry,89
934,Masters,Industry,85
166,Masters,Industry,86
342,Masters,Industry,91
2080,Masters,Academia,77
2251,PhD,Industry,81
2564,PhD,Academia,88
1771,Masters,Industry,81
1447,Masters,Industry,85
1737,Masters,Industry,89
1617,Masters,Industry,93
301,Masters,Industry,89
1965,Masters,Academia,79
1845,Masters,Academia,100
642,Masters,Industry,91
1596,Masters,Industry,85
1926,Masters,Academia,95
1409,Masters,Industry,80
485,Masters,Industry,92
2938,PhD,Academia,82
2273,PhD,Industry,74
1948,Masters,Academia,86
2000,Masters,Academia,76
1265,Masters,Industry,81
1031,Masters,Industry,84
2820,PhD,Academia,79
2494,PhD,Academia,75
2851,PhD,Academia,71
2186,PhD,Industry,99
2287,PhD,Industry,81
1956,Masters,Academia,60
2571,PhD,Academia,95
1951,Masters,Academia,68
1226,Masters,Industry,98
217,Masters,Industry,83
1091,Masters,Industry,83
1991,Masters,Academia,71
351,Masters,Industry,98
2144,PhD,Industry,98
1179,Masters,Industry,84
1921,Masters,Academia,95
794,Masters,Industry,80
1025,Masters,Industry,82
1671,Masters,Industry,84
2153,PhD,Industry,104
1908,Masters,Academia,100
952,Masters,Industry,85
2180,PhD,Industry,103
2540,PhD,Academia,93
1589,Masters,Industry,86
769,Masters,Industry,89
2504,PhD,Academia,87
1950,Masters,Academia,97
847,Masters,Industry,98
2861,PhD,Academia,91
50,Masters,Industry,89
1866,Masters,Academia,99
2004,Masters,Academia,71
1376,Masters,Industry,82
986,Masters,Industry,81
517,Masters,Industry,88
2739,PhD,Academia,79
2024,Masters,Academia,69
2693,PhD,Academia,93
377,Masters,Industry,83
2174,PhD,Industry,91
853,Masters,Industry,94
2253,PhD,Industry,73
2552,PhD,Academia,73
1664,Masters,Industry,83
2388,PhD,Industry,90
555,Masters,Industry,84
2775,PhD,Academia,77
919,Masters,Industry,89
2518,PhD,Academia,80
2233,PhD,Industry,110
729,Masters,Industry,87
2691,PhD,Academia,90
2318,PhD,Industry,70
1497,Masters,Industry,95
60,Masters,Industry,84
1433,Masters,Industry,81
1152,Masters,Industry,93
1329,Masters,Industry,91
549,Masters,Industry,94
1210,Masters,Industry,93
1229,Masters,Industry,81
7,Masters,Industry,88
1363,Masters,Industry,84
1544,Masters,Industry,90
292,Masters,Industry,90
720,Masters,Industry,87
618,Masters,Industry,97
2025,Masters,Academia,70
457,Masters,Industry,92
1711,Masters,Industry,91
1050,Masters,Industry,96
1012,Masters,Industry,99
245,Masters,Industry,98
879,Masters,Industry,81
1973,Masters,Academia,67
2575,PhD,Academia,95
951,Masters,Industry,95
1640,Masters,Industry,88
2988,PhD,Academia,83
2046,Masters,Academia,72
1747,Masters,Industry,82
757,Masters,Industry,97
1307,Masters,Industry,81
972,Masters,Industry,92
1541,Masters,Industry,80
1149,Masters,Industry,88
2303,PhD,Industry,79
1966,Masters,Academia,73
1562,Masters,Industry,99
2090,Masters,Academia,78
1139,Masters,Industry,95
2718,PhD,Academia,87
1757,Masters,Industry,90
153,Masters,Industry,81
931,Masters,Industry,82
596,Masters,Industry,82
2752,PhD,Academia,79
2948,PhD,Academia,88
1913,Masters,Academia,93
2500,PhD,Academia,100
1092,Masters,Industry,88
1270,Masters,Industry,97
1021,Masters,Industry,81
2218,PhD,Industry,99
225,Masters,Industry,88
2645,PhD,Academia,79
1994,Masters,Academia,77
571,Masters,Industry,99
2329,PhD,Industry,91
2643,PhD,Academia,84
723,Masters,Industry,81
2362,PhD,Industry,75
866,Masters,Industry,82
416,Masters,Industry,99
1381,Masters,Industry,85
2726,PhD,Academia,89
2340,PhD,Industry,75
2486,PhD,Academia,77
938,Masters,Industry,82
1656,Masters,Industry,89
828,Masters,Industry,82
122,Masters,Industry,99
1053,Masters,Industry,86
1680,Masters,Industry,95
286,Masters,Industry,84
1871,Masters,Academia,98
1183,Masters,Industry,83
567,Masters,Industry,96
1836,Masters,Academia,93
505,Masters,Industry,87
2950,PhD,Academia,86
2805,PhD,Academia,84
815,Masters,Industry,81
693,Masters,Industry,85
283,Masters,Industry,88
2986,PhD,Academia,76
625,Masters,Industry,89
1066,Masters,Industry,92
633,Masters,Industry,83
2730,PhD,Academia,86
1312,Masters,Industry,87
